Draft Year,Round,Pick,Name,Pro Bowler,Career Receptions,Career Yards,Career Touchdowns,Career Games,Proj. 5,Proj. 15,Proj. 32,Proj. 64,Proj. 98,Proj. 135,Proj. 170,Proj. 200,Height (m),Weight (lb),40 Yard Dash,Broad Jump,Vertical Jump,Bench Press,Arm Length,Hand Size,Receptions,Yards,Touchdowns,More Then 3 years in college,Big School,Small School,Major Injury,Off Field Issues,National Championship,QB Drafted,WR selected with previous pick
2020,1,,Jerry Jeudy,0,,,,,0,1,0,0,0,0,0,0,1.85,193,4.45,120,35,,32.125,9.5,159,2742,26,0,1,0,1,0,1,1,
2020,1,,Ceedee Lamb,0,,,,,0,1,0,0,0,0,0,0,1.905,198,4.5,124,34.5,11,32.25,9.25,173,3292,32,0,1,0,0,0,1,1,
2020,1,,Henry Ruggs,0,,,,,0,0,1,0,0,0,0,0,1.83,188,4.27,131,42,,30.5,10.125,98,1716,24,0,1,0,0,0,1,1,
2020,2,,Tee Higgins,0,,,,,0,0,0,1,0,0,0,0,1.93,216,,,,,34.125,9.25,135,2448,27,0,1,0,0,0,1,1,
2020,1,,Justin Jefferson,0,,,,,0,0,0,1,0,0,0,0,1.91,202,4.43,126,37.5,,33,9.125,165,2415,24,0,1,0,0,0,1,1,
2020,,,Tyler Johnson,0,,,,,0,0,0,0,0,1,0,0,1.88,205,,,,,30.875,9,213,3305,33,1,0,0,0,0,0,1,
2020,,,Brandon Aiyuk,0,,,,,0,0,0,0,1,0,0,0,1.85,205,4.5,128,40,11,33.5,9.75,98,1667,11,0,0,0,0,0,0,0,
2020,1,,Jalen Reagor,0,,,,,0,0,0,1,0,0,0,0,1.8,206,4.47,138,42,17,31.375,9.5,148,2248,22,0,0,0,0,0,0,0,
2020,,,KJ Hill,0,,,,,0,0,0,0,0,1,0,0,1.83,196,4.6,114,32.5,17,32.25,9.25,201,2332,20,1,1,0,0,0,0,1,
2020,,,Donavon Peoples Jones,0,,,,,0,0,0,0,1,0,0,0,1.88,212,4.48,139,44.5,,33.5,10.125,103,1327,14,0,1,0,1,0,0,0,
2020,,,Laviska Shenualt,0,,,,,0,0,1,0,0,0,0,0,1.88,227,4.58,,,17,31.875,9,149,1943,10,0,0,0,0,0,0,0,
2020,,,Gabriel Davis,0,,,,,0,0,0,1,0,0,0,0,1.88,216,4.54,124,35,14,32.25,9.25,152,2447,23,0,0,0,0,0,0,0,
2020,,,Kj Hamler,0,,,,,0,0,0,0,1,0,0,0,1.75,178,,,,15,30.75,9.375,98,1658,13,0,0,0,0,0,0,0,
2020,,,Chase Claypool,0,,,,,0,0,0,0,1,0,0,0,1.93,238,4.42,126,40.5,19,32.5,9.875,150,2159,19,1,1,0,0,0,0,1,
2020,,,Colin Johnson,0,,,,,0,0,0,0,0,1,0,0,1.98,222,,,,17,31.75,9,188,2624,15,0,1,0,0,0,0,0,
2020,,,Denzel Mims,0,,,,,0,0,0,0,1,0,0,0,1.905,207,4.38,131,38.5,16,33.875,9.375,186,2925,28,1,0,0,0,0,0,0,
2020,,,Quintez Cephus,0,,,,,0,0,0,0,0,0,1,0,1.85,202,4.73,124,38.5,23,32.125,8.75,93,1496,13,0,0,0,0,1,0,0,
2019,1,25,Marquise Brown,0,46,584,7,14,0,0,1,0,0,0,0,0,1.75,166,,,,,30.5,9,132,2413,17,0,1,0,1,0,0,1,0
2019,1,32,N'Keal Harry,0,12,105,2,7,0,0,0,1,0,0,0,0,1.88,228,4.53,122,38.5,27,33,9.5,213,2889,22,0,0,0,0,0,0,0,0
2019,2,36,Deebo Samuel,0,57,802,3,15,0,0,0,1,0,0,0,0,1.8,214,4.48,122,39,15,31.375,10,148,2076,16,1,0,0,1,0,0,0,0
2019,2,51,A.J. Brown,0,52,1051,8,16,0,0,0,1,0,0,0,0,1.84,226,4.49,120,36.5,19,32.875,9.75,189,2984,19,0,0,0,0,0,0,0,0
2019,2,56,Mecole Hardman,0,26,538,6,16,0,0,0,0,0,0,1,0,1.79,187,4.33,119,36.5,17,30.25,9,60,961,11,0,1,0,0,0,0,0,0
2019,2,57,JJ Arcega-Whiteside,0,10,169,1,16,0,0,0,0,1,0,0,0,1.88,225,4.5,118,34,,33.25,9.5,135,2219,28,1,0,0,0,0,0,0,1
2019,2,59,Parris Campbell,0,18,127,1,7,0,0,1,0,0,0,0,0,1.83,205,4.31,135,40,11,32.25,9.5,143,1768,15,1,1,0,0,0,0,1,0
2019,2,62,Andy Isabella,0,9,189,1,15,0,0,0,0,1,0,0,0,1.75,188,4.31,121,36.5,15,29.75,8.375,231,3526,30,1,0,0,0,0,0,0,0
2019,2,64,DK Metcalf,0,58,900,7,16,0,1,0,0,0,0,0,0,1.93,228,4.33,134,40.5,27,34.875,9.875,67,1228,14,0,0,0,1,0,0,0,0
2019,3,66,Diontae Johnson,0,59,680,5,16,0,0,0,0,0,0,0,1,1.8,183,4.53,123,33.5,15,30.75,9,135,2235,23,1,0,0,0,0,0,1,0
2019,3,67,Jalen Hurd,0,0,0,0,0,0,0,0,0,0,0,0,0,1.93,226,4.47,124,35.5,23,32.25,10,136,1438,10,1,1,0,0,1,0,0,1
2019,3,76,Terry McLaurin,0,58,919,7,14,0,0,0,0,0,1,0,0,1.83,208,4.35,125,37.5,18,31.5,9.125,75,1251,19,1,1,0,0,0,0,1,0
2019,3,93,Miles Boykin,0,13,198,3,16,0,0,0,0,0,0,1,0,1.93,220,4.42,140,43.5,12,33.5,9.875,77,1206,11,1,1,0,0,0,0,1,0
2019,4,103,Hakeem Butler,0,0,0,0,0,0,0,0,1,0,0,0,0,1.96,227,4.48,128,36,18,35.25,10.75,110,2149,18,1,0,0,0,0,0,0,0
2019,4,120,Gary Jennings Jr,0,0,0,0,1,0,0,0,0,0,1,0,0,1.85,214,4.42,127,37,20,32.5,9.625,168,2294,17,1,1,0,0,0,0,1,0
2019,4,126,Riley Ridley,0,6,69,0,5,0,0,0,0,0,1,0,0,1.85,199,4.58,124,30.5,13,32.625,10.25,69,1015,13,0,1,0,0,0,0,0,0
2019,5,149,Hunter Renfrow,0,49,605,4,13,0,0,0,0,0,0,1,0,1.78,184,4.59,116,35,7,29.125,7.875,186,2133,15,1,1,0,1,0,1,1,0
2019,5,171,Darius Slayton,0,48,740,8,14,0,0,0,0,0,0,0,1,1.85,190,4.39,135,40.5,11,32.75,10,79,1605,11,1,1,0,0,0,0,1,0
2019,6,174,KeeSean Johnson,0,21,187,1,10,0,0,0,0,0,0,0,1,1.85,201,4.6,117,30,14,32,9.5,275,3463,24,1,0,0,0,0,0,0,0
2019,6,184,Travis Fulgham,0,0,0,0,3,0,0,0,0,0,0,0,0,1.9,215,4.58,126,36.5,15,33.75,9.5,128,2044,18,1,0,0,0,0,0,0,0
2019,6,187,Juwann Winfree,0,0,0,0,3,0,0,0,0,0,0,0,0,1.88,210,4.53,125,33,,31.5,9.75,60,807,6,1,0,0,1,1,0,0,0
2019,6,203,Marcus Green,0,0,0,0,0,0,0,0,0,0,0,0,0,1.73,190,4.41,124,37,,30.75,9,202,2698,23,1,0,1,0,0,0,0,0
2019,6,206,Kelvin Harmon,0,30,365,0,16,0,0,0,0,1,0,0,0,1.88,221,4.6,117,32.5,18,32.5,9.5,177,2665,16,0,0,0,0,0,0,1,0
2019,6,208,Scott Miller,0,13,200,1,10,0,0,0,0,0,0,0,0,1.75,174,4.36,123,34,,29.25,8.75,215,2867,23,1,0,0,0,0,0,0,0
2019,7,236,John Ursua,0,0,0,0,3,0,0,0,0,0,0,0,1,1.75,178,4.56,120,37,,29.875,9.25,189,2662,24,0,0,0,1,0,0,0,0
2019,7,237,Terry Godwin,0,0,0,0,0,0,0,0,0,0,0,0,1,1.8,184,4.55,,36.5,,30,9.375,134,1800,11,1,1,0,0,0,0,0,1
2019,7,239,Dillon Mitchell,0,0,0,0,0,0,0,0,0,0,0,0,1,1.85,197,4.46,122,36.5,12,31.5,9,119,1710,14,0,1,0,0,1,0,0,0
2019,7,247,Olabisi Johnson,0,31,294,3,16,0,0,0,0,0,0,0,0,1.83,204,4.51,124,38,14,30.75,10.375,125,2019,11,1,0,0,0,0,0,1,0
2018,1,24,D.J. Moore,0,142,1963,6,31,0,0,1,0,0,0,0,0,1.83,210,4.42,132,39.5,15,31.625,9,146,2027,17,0,0,0,0,0,0,0,0
2018,1,26,Calvin Ridley,0,127,1687,17,29,0,1,0,0,0,0,0,0,1.85,189,4.43,110,31,15,31.625,9.125,224,2781,19,0,1,0,0,0,1,1,0
2018,2,40,Courtland Sutton,1,114,1816,10,32,0,0,1,0,0,0,0,0,1.93,218,4.54,124,35.5,18,32.375,9.75,195,3220,31,1,0,0,1,0,0,1,0
2018,2,44,Dante Pettis,0,38,576,7,23,0,0,0,0,0,1,0,0,1.85,186,,,,,32.25,9.5,163,2256,24,1,1,0,0,0,0,0,0
2018,2,47,Christian Kirk,0,111,1299,6,25,0,0,0,1,0,0,0,0,1.8,201,4.47,115,35.5,20,30.375,9.875,324,2856,23,0,0,0,0,1,0,0,0
2018,2,51,Anthony Miller,0,85,1079,9,31,0,0,0,0,1,0,0,0,1.8,201,4.5,125,39,22,31.625,10,238,3590,37,0,0,0,1,0,0,1,0
2018,2,60,James Washington,0,60,952,4,29,0,0,0,0,1,0,0,0,1.8,213,4.54,120,34.25,14,32.375,9.75,226,4472,39,1,0,0,0,0,0,1,0
2018,2,61,D.J. Chark,1,87,1182,8,26,0,0,0,1,0,0,0,0,1.93,199,4.34,129,40,16,32.375,9.25,66,1351,6,0,1,0,0,1,0,1,1
2018,3,81,Michael Gallup,0,99,1614,8,30,0,0,0,0,0,1,0,0,1.85,205,4.51,122,36,10,31.5,9.25,176,2690,21,0,0,0,0,0,0,1,0
2018,3,91,Tre'Quan Smith,0,46,661,10,26,0,0,0,0,0,1,0,0,1.88,203,4.49,130,37.5,12,33.375,9.5,168,2747,22,0,0,0,0,0,0,0,0
2018,4,103,Keke Coutie,0,50,541,1,15,0,0,0,0,0,0,1,0,1.78,181,4.43,113,34.5,14,29.875,8.375,159,2424,17,0,0,0,0,0,0,1,0
2018,4,105,Antonio Callaway,0,51,675,5,20,0,0,0,0,0,0,1,0,1.8,200,4.41,121,34,,31.5,9.5,89,1399,7,0,1,0,0,1,0,0,0
2018,4,113,Daesean Hamilton,0,58,540,3,30,0,0,0,0,1,0,0,0,1.85,203,4.52,118,34.5,,31,9.375,214,2842,18,1,1,0,0,0,0,1,0
2018,4,132,Jaleel Scott,0,0,0,0,3,0,0,0,0,0,1,0,0,1.96,218,4.56,124,34.5,16,33.5,10,99,1362,14,0,0,0,0,0,0,0,0
2018,4,133,J'Mon Moore,0,2,15,0,12,0,0,0,0,0,0,0,1,1.91,207,4.6,120,38,21,32.875,9.375,158,2477,21,1,0,0,0,0,0,0,1
2018,5,144,Justin Watson,0,15,164,2,28,0,0,0,0,0,0,0,1,1.9,215,4.44,124,40,,33.75,9.25,286,3777,33,1,1,0,0,0,0,0,0
2018,5,159,Daurice Fountain,0,0,0,0,1,0,0,0,0,0,0,0,1,1.85,206,4.51,134,42.5,14,34,10.125,150,2077,23,1,0,0,0,0,0,0,0
2018,5,162,Jordan Lasley,0,0,0,0,0,0,0,0,0,0,0,0,0,1.85,203,4.5,112,34.5,8,32.75,9.625,113,1901,14,0,0,0,0,1,0,1,0
2018,5,174,Marquez Valdez-Scantling,0,64,1033,4,32,0,0,0,0,0,0,0,0,1.93,206,4.37,124,305,15,32.25,10,119,1832,12,1,0,0,0,0,0,0,0
2018,6,175,Damion Ratley,0,25,344,1,26,0,0,0,0,0,0,0,0,1.88,196,4.39,124,38,,31,9.5,47,920,8,0,0,0,0,1,0,0,1
2018,6,185,Deon Cain,0,9,124,0,13,0,0,0,0,0,1,0,0,1.88,202,4.43,115,33.5,11,33,8.75,130,2040,20,0,1,0,0,1,1,1,0
2018,6,187,Ray-Ray McLeod,0,1,13,0,1,0,0,0,0,0,0,0,0,1.75,190,4.53,113,34.5,13,30.25,9.25,127,1226,4,0,1,0,0,1,1,1,0
2018,6,191,Dylan Cantrell,0,0,0,0,0,0,0,0,0,0,0,0,0,1.91,226,4.44,135,41,18,31.375,9.25,158,1873,18,1,0,0,0,0,0,1,0
2018,6,194,Russell Gage,0,55,509,1,31,0,0,0,0,0,0,0,0,1.83,182,4.42,122,39,15,33,9.125,26,347,4,1,1,0,0,0,0,1,0
2018,6,207,Equanimeous St. Brown,0,21,328,0,12,0,0,0,1,0,0,0,0,1.96,214,4.48,,34.5,,33,9.75,92,1484,13,0,1,0,0,0,0,1,0
2018,6,208,Cedrick Wilson,0,5,46,0,6,0,0,0,0,0,0,1,0,1.88,197,4.55,121,37,9,31.5,9.75,139,2640,18,0,0,0,0,0,0,0,0
2018,6,210,Braxton Berrios,0,6,115,0,16,0,0,0,0,0,0,1,0,1.75,184,4.44,110,36,11,28,9.25,100,1175,14,1,0,0,0,0,0,1,0
2018,7,224,Javon Wims,0,22,218,1,20,0,0,0,0,0,0,1,0,1.93,215,4.53,113,33.5,,31.5,9.25,62,910,8,0,1,0,1,0,0,0,0
2018,7,228,Marcell Ateman,0,20,270,1,18,0,0,0,0,0,1,0,0,1.93,216,4.62,121,34,13,32.875,9,146,2466,13,1,0,0,0,0,0,1,0
2018,7,240,Richie James,0,15,295,2,29,0,0,0,0,0,0,0,0,1.78,183,4.48,122,35.5,6,31.25,9,243,3249,23,0,0,0,1,0,0,0,0
2018,7,253,Auden Tate,0,44,610,1,19,0,0,0,0,0,0,1,0,1.96,228,4.68,112,31,,33.75,9.375,65,957,16,0,0,0,0,0,0,0,0
2018,7,255,Austin Proehl,0,0,0,0,0,0,0,0,0,0,0,0,0,1.78,182,,113,34,,28.875,8.5,91,1265,5,1,0,0,1,0,0,0,0
2018,7,256,Trey Quinn,0,35,273,2,15,0,0,0,0,0,0,1,0,1.83,203,4.55,116,33.5,17,30.75,10.125,136,1512,13,0,0,0,0,0,0,0,1
2017,1,5,Corey Davis,0,142,1867,6,42,0,0,1,0,0,0,0,0,1.88,209,,,,,33,9.125,331,5278,52,1,0,0,0,0,0,0,0
2017,1,7,Mike Williams,0,103,1760,12,41,0,1,0,0,0,0,0,0,1.93,218,4.53,121,32.5,15,33.375,9.375,177,2727,21,1,1,0,1,0,1,1,0
2017,1,9,John Ross,0,49,716,10,24,0,0,1,0,0,0,0,0,1.8,188,4.22,,37,,31.5,8.75,114,1729,22,1,1,0,1,0,0,0,0
2017,2,37,Zay Jones,0,110,1184,9,46,0,0,0,1,0,0,0,0,1.85,201,4.45,133,36.5,15,32.5,9,399,4279,23,1,0,0,0,0,0,0,0
2017,2,40,Curtis Samuel,0,108,1236,11,28,0,0,0,1,0,0,0,0,1.8,196,4.31,119,37,18,31.25,9.5,172,1286,15,0,1,0,0,0,1,1,0
2017,2,62,Juju Smith-Schuster,1,211,2895,17,42,0,0,0,1,0,0,0,0,1.85,215,4.54,120,32.5,15,32.875,10.5,213,3092,25,0,1,0,0,0,0,1,0
2017,3,69,Cooper Kupp,0,196,2596,21,39,0,0,0,0,1,0,0,0,1.88,204,4.62,,31,,31.5,9.5,428,6464,73,1,0,0,0,0,0,0,0
2017,3,72,Taywan Taylor,0,53,697,2,32,0,0,0,0,0,0,0,1,1.85,203,4.5,132,33.5,13,32.625,9.25,253,4234,41,1,0,0,0,0,0,1,0
2017,3,79,ArDarius Stewart,0,6,82,0,15,0,0,0,0,1,0,0,0,1.85,204,4.49,,34,,32.5,9.375,129,1713,12,0,1,0,0,0,1,0,0
2017,3,82,Carlos Henderson,0,0,0,0,0,0,0,0,0,0,1,0,0,1.78,199,4.46,131,36,13,31.375,9.125,147,2878,28,0,0,0,0,1,0,0,0
2017,3,84,Chris Godwin,1,179,2700,17,46,0,0,0,1,0,0,0,0,1.85,209,4.42,126,36,19,31.625,9.125,154,2421,18,0,1,0,0,0,0,1,0
2017,3,96,Kenny Golladay,1,163,2730,19,42,0,0,0,0,0,1,0,0,1.93,218,4.5,120,35.5,18,32,9.75,160,2285,18,0,0,0,0,0,0,0,0
2017,3,98,Chad Williams,0,20,202,1,17,0,0,0,0,0,0,0,1,1.85,207,4.43,123,35.5,,32,9.75,210,3062,28,1,0,1,0,1,0,0,0
2017,3,106,Amara Darboh,0,8,71,0,16,0,0,0,0,0,1,0,0,1.88,214,4.45,124,36,17,32.625,9.875,151,2062,14,1,1,0,1,0,0,0,0
2017,4,110,Dede Westbrook,0,159,1716,9,38,0,0,0,0,1,0,0,0,1.83,178,4.34,120,34.5,8,30.625,9,126,2267,21,0,1,0,0,1,0,1,0
2017,4,117,Josh Reynolds,0,61,832,7,48,0,0,0,0,0,1,0,0,1.9,194,4.52,,37,,31.5,9.375,164,2788,30,0,0,0,0,1,0,0,0
2017,4,118,Mack Hollins,0,26,351,1,32,0,0,0,0,0,0,0,0,1.93,221,4.53,,,,33.25,9.75,81,1667,20,1,0,0,1,0,0,1,1
2017,4,128,Josh Malone,0,7,75,1,22,0,0,0,0,0,0,1,0,1.9,208,4.4,121,30.5,10,31.375,9.625,104,1608,14,0,0,0,0,0,0,1,0
2017,4,133,Ryan Switzer,0,50,321,1,41,0,0,0,0,0,0,0,1,1.73,181,4.51,116,32,11,28,9.25,243,2903,19,1,0,0,0,0,0,1,0
2017,4,139,Jehu Chesson,0,3,25,0,24,0,0,0,0,0,0,0,1,1.91,204,4.47,132,35.5,10,33.25,9.125,114,1639,12,1,1,0,0,0,0,0,0
2017,4,141,Chad Hansen,0,9,94,0,15,0,0,0,0,0,0,1,0,1.85,202,4.53,119,35,11,32.125,10.125,111,1498,12,0,0,0,0,0,0,1,0
2017,5,166,Shelton Gibson,0,3,59,0,20,0,0,0,0,0,1,0,0,1.8,191,4.5,118,32,8,32,8.875,84,1898,17,0,0,0,0,0,0,0,0
2017,5,170,Rodney Adams,0,0,0,0,1,0,0,0,0,0,0,0,0,1.85,189,4.44,125,29.5,8,32,9,136,1976,16,1,0,0,0,0,0,0,0
2017,5,172,Isaiah McKenzie,0,49,462,1,34,0,0,0,0,0,0,0,0,1.73,173,4.42,123,36,11,28.875,8.875,60,823,7,0,1,0,0,0,0,0,0
2017,5,175,DeAngelo Yancey,0,0,0,0,0,0,0,0,0,0,0,0,0,1.88,220,4.53,121,35.5,,32.875,9.75,141,2344,20,1,0,0,0,0,0,1,0
2017,5,177,Trent Taylor,0,69,645,3,29,0,0,0,0,0,0,0,0,1.75,181,4.63,117,33,13,28.75,8.25,327,4179,32,1,0,0,0,0,0,0,0
2017,6,209,Robert Davis,0,2,17,0,7,0,0,0,0,0,0,0,0,1.91,219,4.44,136,41,19,33,9.625,222,3391,17,1,0,0,0,0,0,0,0
2017,7,219,Stacy Coley,0,0,0,0,2,0,0,0,0,0,0,0,1,1.85,195,4.45,122,34,10,32.25,9.75,166,2218,20,1,0,0,0,1,0,1,0
2017,7,226,David Moore,0,43,746,7,31,0,0,0,0,0,0,0,0,1.83,219,4.43,124,36.5,,30.625,9.5,157,2775,35,1,0,1,0,0,0,0,0
2017,7,237,Isaiah Ford,0,23,244,0,9,0,0,0,0,0,1,0,0,1.88,194,4.61,127,35.5,14,32.625,9.25,210,2967,24,0,0,0,0,0,0,0,0
2017,7,239,Noah Brown,0,9,87,0,21,0,0,0,0,0,1,0,0,1.88,222,4.56,,,19,31.75,9.125,33,411,7,0,1,0,1,0,1,0,0
2017,7,247,Malachi Dupree,0,0,0,0,1,0,0,0,0,0,1,0,0,1.88,196,4.52,135,39.5,11,31.5,9,98,1609,14,0,1,0,0,0,0,0,0
2016,1,15,Corey Coleman,0,61,789,5,27,0,0,1,0,0,0,0,0,1.8,194,4.37,129,40.5,17,30.25,9,173,3009,33,0,0,0,0,1,0,0,0
2016,1,21,Will Fuller,0,156,2231,16,42,0,0,1,0,0,0,0,0,1.83,186,4.32,126,33.5,10,30.75,8.25,144,2512,30,0,1,0,0,0,0,0,0
2016,1,22,Josh Doctson,0,81,1100,8,34,0,0,1,0,0,0,0,0,1.88,202,4.5,131,41,14,31.875,9.875,214,3177,34,1,0,0,1,0,0,0,1
2016,1,23,Laquon Treadwell,0,65,701,2,53,0,0,1,0,0,0,0,0,1.88,221,4.63,117,33,12,33.375,9.5,202,2393,21,0,0,0,1,0,0,1,0
2016,2,40,Sterling Shepard,0,247,2862,17,53,0,0,0,0,1,0,0,0,1.78,194,4.48,123,41,20,30.375,9.75,233,3482,26,1,1,0,0,0,0,0,0
2016,2,47,Michael Thomas,1,470,5512,32,63,0,0,0,1,0,0,0,0,1.91,212,4.57,126,35,18,32.125,10.5,113,1602,18,0,1,0,0,0,1,1,0
2016,2,55,Tyler Boyd,0,242,2902,15,56,0,0,0,1,0,0,0,0,1.88,197,4.58,119,34,11,32,9.75,254,3361,21,0,0,0,0,0,0,1,0
2016,3,85,Braxton Miller,0,34,261,2,21,0,0,0,1,0,0,0,0,1.85,201,4.5,123,35,17,31.75,9.125,25,340,3,1,1,0,1,0,1,1,0
2016,3,86,Leonte Carroo,0,12,192,2,37,0,0,0,0,0,1,0,0,1.83,211,4.5,120,35.5,14,31.375,9.625,122,2373,29,1,0,0,0,1,0,0,1
2016,4,107,Chris Moore,0,47,511,4,58,0,0,0,0,0,0,1,0,1.85,206,4.53,130,37,10,33.375,9.375,119,2301,26,1,0,0,0,0,0,0,0
2016,4,112,Malcolm Mitchell,0,32,401,4,14,0,0,0,0,0,0,1,0,1.85,198,4.45,129,36,15,32.625,10.5,174,2350,16,1,1,0,1,0,0,1,0
2016,4,114,Ricardo Louis,0,45,562,0,32,0,0,0,0,0,0,0,0,1.88,215,4.43,132,38,18,32.375,9.5,98,1338,8,1,1,0,0,0,0,0,0
2016,4,126,Demarcus Robinson,0,75,949,8,64,0,0,0,0,0,0,0,1,1.85,203,4.59,123,34.5,9,33,9.5,105,1353,9,0,0,0,0,1,0,0,0
2016,5,140,Tajae Sharpe,0,92,1167,8,47,0,0,0,0,0,0,0,1,1.88,194,4.55,114,33.5,11,32.25,8.375,277,3486,16,1,0,0,0,0,0,0,0
2016,5,154,Jordan Payton,0,0,0,0,4,0,0,0,0,0,0,0,0,1.85,207,4.47,,34.5,,32.5,10.125,201,2701,14,1,0,0,0,0,0,0,0
2016,5,163,Trevor Davis,0,16,205,1,43,0,0,0,0,0,0,0,0,1.85,188,4.42,124,38.5,11,31,10,109,1672,12,1,0,0,0,0,0,1,0
2016,5,165,Tyreek Hill,1,281,4115,32,59,0,0,0,0,0,0,0,0,1.78,185,4.29,129,405,,30.5,8,31,281,1,0,0,0,0,1,0,0,0
2016,5,172,Rashard Higgins,0,76,1016,7,54,0,0,0,0,1,0,0,0,1.85,196,4.64,116,32,13,32.25,9.75,238,3648,31,0,0,0,0,0,0,0,0
2016,6,180,Moritz Bohringer,0,0,0,0,0,0,0,0,0,0,0,0,0,1.93,227,4.49,131,39,,32.625,9.5,,,,,,1,0,0,0,0,0
2016,6,182,Keenan Reynolds,0,0,0,0,2,0,0,0,0,0,0,0,0,1.8,190,4.57,120,37,,30.25,8.625,1,47,0,1,0,0,0,0,0,0,0
2016,6,186,Jakeem Grant,0,53,635,4,52,0,0,0,0,0,0,0,0,1.68,165,4.37,117,36.5,,29.75,8.625,254,3286,27,1,0,0,0,0,0,1,0
2016,6,192,Kolby Listenbee,0,0,0,0,0,0,0,0,0,0,0,0,1,1.85,197,4.39,129,35.5,15,31.325,8.25,74,1432,9,1,0,0,1,0,0,0,0
2016,6,199,Cody Core,0,33,388,1,51,0,0,0,0,0,0,0,0,1.91,205,4.47,119,31.5,14,32,10.25,83,1297,10,1,0,0,0,0,0,1,0
2016,6,206,Mike Thomas,0,10,144,0,40,0,0,0,0,0,0,0,1,1.85,205,4.47,119,31.5,14,32,10.375,112,1983,19,0,0,0,0,0,0,0,0
2016,6,213,Aaron Burbridge,0,7,88,0,16,0,0,0,0,0,1,0,0,1.83,206,4.56,115,30.5,20,31.625,8.25,165,2174,10,1,0,0,0,0,0,0,0
2016,7,225,Devin Lucien,0,0,0,0,0,0,0,0,0,0,0,0,0,1.88,201,4.49,117,34.5,,31.875,10.125,124,1074,12,1,0,0,1,0,0,0,0
2016,7,229,Demarcus Ayers,0,6,53,1,2,0,0,0,0,0,0,0,1,1.8,182,4.72,120,33,,31.25,9.25,141,1686,9,0,0,0,0,0,0,0,0
2016,7,230,Daniel Braverman,0,0,0,0,3,0,0,0,0,0,0,0,1,1.78,175,4.53,112,28.5,,28.75,9.125,212,2499,19,0,0,0,0,0,0,0,1
2016,7,238,Devin Fuller,0,0,0,0,0,0,0,0,0,0,0,0,1,1.83,194,4.39,124,36,,30.5,9.5,146,1322,10,1,0,0,0,0,0,1,0
2016,7,241,Charone Peake,0,22,214,0,31,0,0,0,0,0,0,1,0,1.91,209,4.45,122,35.5,12,34,9.25,99,1172,10,1,1,0,1,0,0,1,0
2016,7,243,Kenny Lawler,0,0,0,0,0,0,0,0,0,0,1,0,0,1.91,203,4.64,114,34.5,,33.325,10.5,143,1706,27,0,0,0,0,0,0,1,0
2015,1,4,Amari Cooper,1,357,5097,33,77,1,0,0,0,0,0,0,0,1.85,211,4.42,,33,,31.5,10,228,3463,31,0,1,0,0,0,1,1,0
2015,1,7,Kevin White,0,25,285,0,14,0,1,0,0,0,0,0,0,1.91,215,4.35,123,36.5,23,32.625,9.25,144,1954,15,0,0,0,0,0,0,0,0
2015,1,14,Devante Parker,0,235,3419,18,70,0,1,0,0,0,0,0,0,1.91,209,4.45,125,36.5,17,33.25,9.25,156,2775,33,1,0,0,1,0,0,0,0
2015,1,20,Nelson Agholor,0,224,2515,18,71,0,0,1,0,0,0,0,0,1.83,198,4.42,125,36.5,12,32.25,9.25,178,2572,20,0,0,0,0,0,0,1,0
2015,1,26,Breshad Perriman,0,95,1561,11,51,0,0,1,0,0,0,0,0,1.88,212,4.24,127,36.5,18,32,9.25,115,2243,16,0,0,0,0,0,0,1,0
2015,1,29,Phillip Dorsett,0,124,1634,11,71,0,0,1,0,0,0,0,0,1.78,198,4.45,129,36,15,32.625,10.5,121,2132,17,1,0,0,1,0,0,0,0
2015,2,37,Devin Smith,0,15,248,2,18,0,0,0,1,0,0,0,0,1.85,198,4.45,129,36,15,32.625,10.5,121,2503,30,1,1,0,0,1,1,1,0
2015,2,40,Dorial Green-Beckham,0,68,941,6,31,0,0,0,1,0,0,0,0,1.98,237,4.49,119,33.5,13,32.5,9,87,1278,17,0,0,0,0,1,0,0,0
2015,2,41,Devin Funchess,0,164,2265,21,62,0,0,0,1,0,0,0,0,1.93,232,4.7,122,38.5,17,33.5,9.75,126,1715,15,0,1,0,0,0,0,0,1
2015,3,69,Tyler Lockett,1,276,3838,27,79,0,0,0,0,1,0,0,0,1.78,182,4.4,,35.5,,30,8.325,249,3710,29,1,0,0,0,0,0,0,0
2015,3,70,Jaelen Strong,0,31,330,4,20,0,0,0,1,0,0,0,0,1.93,217,4.44,,42,,32.5,9,157,2287,17,0,0,0,0,0,0,0,1
2015,3,76,Chris Conley,0,151,2013,11,69,0,0,0,0,0,0,1,0,1.91,213,4.35,139,45,18,33.75,9.875,117,1938,20,1,1,0,0,0,0,1,0
2015,3,87,Sammie Coates,0,29,528,2,45,0,0,0,1,0,0,0,0,1.88,198,4.45,129,36,15,32.625,10.5,82,1757,13,0,1,0,0,0,0,0,0
2015,3,94,Ty Montgomery,0,120,982,3,58,0,0,0,0,0,0,1,0,1.83,221,4.55,,40.5,,31,10.125,172,2125,15,1,0,0,0,0,0,1,0
2015,4,105,Jamison Crowder,0,299,3461,20,72,0,0,0,0,0,1,0,0,1.75,185,4.56,115,37,10,30.375,8.75,283,3641,23,1,0,0,0,0,0,0,0
2015,4,107,Justin Hardy,0,95,946,9,73,0,0,0,0,1,0,0,0,1.78,192,4.56,114,36.5,11,32.125,10,387,4541,35,1,0,0,0,0,0,0,0
2015,4,123,Vince Mayle,0,0,0,0,2,0,0,0,0,0,0,1,0,1.88,224,4.67,,35.5,,31.75,9,148,2022,16,0,0,0,0,0,0,0,0
2015,4,132,DeAndre Smelter,0,0,0,0,2,0,0,0,0,0,0,0,0,1.88,226,4.58,,,,32.625,11,56,1060,11,0,0,0,0,0,0,0,0
2015,5,139,Rashad Greene,0,30,185,2,25,0,0,0,0,1,0,0,0,1.82,182,4.53,,36.5,,31.625,9,270,3830,29,1,0,0,0,0,1,1,0
2015,5,146,Stefon Diggs,0,365,4623,30,70,0,0,0,0,0,1,0,0,1.83,195,4.46,115,35,11,31.25,10,150,2227,14,0,0,0,1,0,0,0,0
2015,5,156,Tony Lippett,0,0,0,0,28,0,0,0,0,0,0,1,0,1.91,192,4.61,114,36,10,32.75,9.875,149,2247,15,1,0,0,0,0,0,1,0
2015,5,159,J.J. Nelson,0,85,1475,11,58,0,0,0,0,0,0,0,0,1.8,156,4.28,,36,,31.125,8.25,116,2273,20,1,0,0,0,0,0,0,0
2015,5,162,Kenny Bell,0,0,0,0,0,0,0,0,0,0,0,0,1,1.85,197,4.42,129,41.5,7,31.625,9.25,181,2689,21,1,0,0,0,0,0,0,0
2015,5,175,Keith Mumphrey,0,0,0,0,0,0,0,0,0,0,0,0,0,1.83,215,4.54,,32.5,,31.125,9.125,88,1348,7,1,0,0,0,0,0,1,0
2015,6,184,Kailen Clay,0,0,0,0,0,0,0,0,0,0,0,0,0,1.78,198,4.45,129,36,15,32.625,10.5,43,523,4,0,0,0,0,0,0,0,0
2015,6,186,Geremy Davis,0,5,59,0,36,0,0,0,0,0,0,0,0,1.88,216,4.47,124,36.5,23,32.25,9.5,165,2292,7,1,0,0,0,0,0,0,0
2015,6,187,Evan Spencer,0,0,0,0,1,0,0,0,0,0,0,0,0,1.88,208,4.54,124,35,,31.825,10.125,52,579,7,1,1,0,0,0,1,1,1
2015,6,201,Bud Sasser,0,0,0,0,0,0,0,0,0,0,0,0,0,1.88,210,4.62,120,34.5,,33,10.125,116,1611,14,1,0,0,0,0,0,0,0
2015,6,204,Darren Waller,0,108,1323,5,38,0,0,0,0,0,0,0,1,1.98,238,4.46,125,37,12,33.25,9,51,971,9,0,0,0,0,1,0,0,0
2015,7,220,Neil Sterling,0,0,0,0,0,0,0,0,0,0,0,0,0,1.9,238,4.63,116,35.5,,33.125,9.625,202,2615,22,1,0,1,0,0,0,0,0
2015,7,221,Andre Debose,0,0,0,0,0,0,0,0,0,0,0,0,0,1.83,190,4.49,123,35.5,,32.25,8.625,79,2111,4,1,0,0,1,0,0,0,1
2015,7,233,Da'Ron Brown,0,0,0,0,0,0,0,0,0,0,0,0,0,1.83,205,4.54,120,37,17,32,10.25,155,2295,19,1,0,0,0,0,0,0,0
2015,7,234,Dezmin Lewis,0,0,0,0,2,0,0,0,0,0,0,0,1,1.93,214,4.58,119,33.5,16,32.5,9.875,197,2668,24,1,0,0,0,0,0,0,1
2015,7,238,Mario Alford,0,0,0,0,4,0,0,0,0,0,0,0,0,1.75,180,4.43,121,34,13,31.25,9.325,92,1497,13,0,0,0,0,0,0,0,0
2015,7,245,Tre McBride,0,10,152,1,17,0,0,0,0,0,0,1,0,1.83,210,4.41,122,38,16,32.125,9,196,2653,19,1,0,1,0,0,0,0,0
2014,1,4,Sammy Watkins,0,284,4244,31,76,1,0,0,0,0,0,0,0,1.85,211,4.43,126,34,16,32,9.625,240,3391,27,0,1,0,0,0,0,1,0
2014,1,7,Mike Evans,1,462,7260,48,90,0,1,0,0,0,0,0,0,1.96,231,4.53,120,37,12,35.125,9.625,151,2499,17,0,0,0,0,0,0,1,0
2014,1,12,Odell Beckham Jr.,1,464,6511,48,75,0,1,0,0,0,0,0,0,1.8,198,4.43,122,38.5,7,32.75,10,143,2340,12,0,1,0,0,0,0,1,0
2014,1,20,Brandin Cook,0,402,5730,34,88,0,0,1,0,0,0,0,0,1.78,189,4.33,120,36,16,30.75,9.625,226,3272,24,0,0,0,0,0,0,1,0
2014,1,28,Kelvin Benjamin,0,209,3021,20,61,0,0,1,0,0,0,0,0,1.95,240,4.61,119,32.5,13,34.875,10.25,84,1506,19,0,0,0,0,0,0,1,0
2014,2,39,Marqise Lee,0,174,2184,8,59,0,0,1,0,0,0,0,0,1.83,192,4.52,127,38,11,31.75,9.5,248,3655,29,0,0,0,0,0,0,1,0
2014,2,42,Jordan Matthews,0,274,3288,22,73,0,0,0,1,0,0,0,0,1.91,212,4.46,120,35.5,21,33.25,10.375,262,3759,24,1,0,0,0,0,0,0,0
2014,2,45,Paul Richardson,0,143,1809,12,64,0,0,0,1,0,0,0,0,1.83,175,4.4,,38,,32.625,8.875,156,2412,21,0,0,0,1,1,0,0,0
2014,2,53,Davante Adams,1,431,5194,44,86,0,0,0,0,1,0,0,0,1.85,212,4.56,123,39.5,14,32.625,9,233,3301,38,0,0,0,0,0,0,1,0
2014,2,56,Cody Latimer,0,70,935,6,66,0,0,0,0,0,1,0,0,1.91,215,4.52,,39,23,32.625,9.625,135,2042,17,0,0,0,0,0,0,0,0
2014,2,61,Allen Robinson,1,355,4749,33,72,0,0,0,1,0,0,0,0,1.91,220,4.6,131,39,,32,9.5,177,2479,17,0,1,0,0,0,0,0,0
2014,2,63,Jarvis Landry,1,564,6188,32,96,0,0,0,0,1,0,0,0,1.8,204,4.58,110,28.5,12,31.75,10.25,137,1809,15,0,1,0,0,0,0,1,0
2014,3,86,Josh Huff,0,51,523,4,37,0,0,0,0,0,0,1,0,1.8,206,4.51,115,38.5,14,31.25,9.375,144,2366,24,1,0,0,0,1,0,1,0
2014,3,90,Donte Moncrief,0,204,2561,21,77,0,0,0,1,0,0,0,0,1.88,221,4.4,132,39.5,13,32.375,9.125,156,2371,20,0,0,0,0,0,0,0,0
2014,3,91,John Brown,0,287,4290,28,87,0,0,0,0,0,0,0,0,1.78,179,4.34,,36.5,,30.5,8.5,185,3380,34,1,0,1,0,0,0,0,1
2014,4,104,Jalen Saunders,0,0,0,0,15,0,0,0,0,0,0,0,1,1.75,165,4.44,,34,,30,8.875,203,3085,26,1,1,0,0,0,0,1,0
2014,4,106,Bruce Ellington,0,79,769,5,44,0,0,0,0,0,1,0,0,1.75,197,4.45,120,39.5,15,31,9.625,106,1586,16,0,0,0,0,0,0,0,0
2014,4,115,Shaq Evans,0,0,0,0,0,0,0,0,0,0,0,0,1,1.85,213,4.51,122,34.5,13,32,9.375,133,1956,14,1,1,0,0,0,0,1,0
2014,4,118,Martavis Bryant,0,145,2183,17,44,0,0,0,1,0,0,0,0,1.93,211,4.42,124,39,16,32.625,9.5,61,1354,13,0,1,0,0,0,0,0,0
2014,4,123,Kevin Norwood,0,9,102,0,10,0,0,0,0,0,0,0,1,1.88,198,4.48,121,33,8,32.125,10,81,1275,12,1,1,0,0,0,0,1,0
2014,5,142,Ryan Grant,0,123,1333,7,80,0,0,0,0,0,0,0,1,1.83,199,4.64,117,35.5,8,31,9.625,196,2769,21,1,0,0,1,0,0,0,0
2014,5,146,Devin Street,0,10,152,1,35,0,0,0,0,0,0,1,0,1.93,198,4.55,,37,,33.375,9.25,202,2901,16,1,0,0,0,0,0,1,0
2014,5,176,Jared Abbrederis,0,13,163,0,21,0,0,0,0,0,1,0,0,1.88,195,4.5,116,30.5,4,31.375,9.625,202,3140,28,1,0,0,0,0,0,0,0
2014,6,185,Robert Herron,0,6,58,1,8,0,0,0,0,0,1,0,0,1.75,193,4.48,125,35.5,18,30.5,9.75,152,2025,20,1,0,0,1,0,0,0,0
2014,6,189,T.J. Jones,0,67,852,5,45,0,0,0,0,0,0,0,1,1.8,188,4.48,,33,,,,181,2429,19,1,1,0,0,1,0,0,0
2014,6,190,Matt Hazel,0,0,0,0,9,0,0,0,0,0,0,1,0,1.85,198,4.5,116,36.5,15,31.375,9.125,183,2553,28,1,0,1,0,0,0,0,1
2014,6,196,Walt Powell,0,14,142,0,15,0,0,0,0,0,0,0,0,1.83,189,4.63,120,31.5,10,,,205,2634,28,0,0,0,0,0,0,0,0
2014,6,209,Quincy Enunwa,0,119,1617,5,41,0,0,0,0,0,0,0,0,1.88,225,4.41,,,19,32.625,9.5,115,1526,15,1,0,0,0,0,0,0,0
2014,7,218,Micahel Campanaro,0,31,310,2,24,0,0,0,0,0,0,0,0,1.8,192,4.46,122,39,20,30,9.75,229,2506,14,1,0,0,0,0,0,0,0
2014,7,236,Jeff Janis,0,17,200,1,51,0,0,0,0,0,0,1,0,1.9,219,4.42,123,37.5,20,32.5,9,246,4305,46,1,0,1,0,0,0,0,0
2014,7,239,James Wright,0,18,197,0,24,0,0,0,0,0,0,0,0,1.93,201,4.43,128,38.5,16,32.375,,25,304,0,1,1,0,0,0,0,0,0
2014,7,240,Tevin Reese,0,0,0,0,0,0,0,0,0,0,0,0,1,1.78,163,4.46,,41,,31.625,8.875,187,3102,24,1,0,0,1,0,0,0,1
2014,7,244,Jeremy Gallon,0,0,0,0,0,0,0,0,0,0,0,1,0,1.73,185,4.49,130,39.5,15,29.5,9.375,173,2704,17,1,1,0,0,0,0,0,0
2013,1,8,Tavon Austin,0,215,2006,15,96,0,1,0,0,0,0,0,0,1.75,174,4.34,120,32,14,30,9.125,288,3413,29,1,0,0,0,0,0,1,0
2013,1,27,Deandre Hopkins,1,632,8602,54,110,0,0,1,0,0,0,0,0,1.85,214,4.57,115,36,15,33.375,10,206,3020,27,0,1,0,0,0,0,1,0
2013,1,29,Cordarrelle Patterson,0,195,1955,10,111,0,1,0,0,0,0,0,0,1.88,216,4.42,128,37,,31.75,9,46,778,5,0,0,0,0,0,0,0,0
2013,2,34,Justin Hunter,0,85,1349,13,60,0,0,1,0,0,0,0,0,1.93,196,4.44,136,39.5,,33.25,9.375,106,1812,18,0,0,0,1,0,0,0,0
2013,2,41,Robert Woods,0,435,5585,25,100,0,0,0,1,0,0,0,0,1.83,201,4.51,117,33.5,14,31,9.25,252,2930,32,0,0,0,0,0,0,1,0
2013,2,59,Aaron Dobson,0,53,698,4,24,0,0,0,0,0,1,0,0,1.91,210,4.37,121,35,16,33,9,165,2398,24,1,0,0,0,0,0,0,0
2013,3,74,Terrance Williams,0,232,3377,20,83,0,0,0,1,0,0,0,0,1.88,208,4.52,119,32.5,11,31.25,8.75,202,3334,27,1,0,0,0,0,0,1,0
2013,3,76,Keenan Allen,1,524,6405,34,86,0,0,0,1,0,0,0,0,1.88,206,4.71,,,,32.75,10,205,2570,17,0,0,0,1,0,0,0,0
2013,3,78,Marquise Goodwin,0,140,2323,13,75,0,0,0,0,0,0,1,0,1.75,183,4.27,132,42,13,31.5,8.625,120,1364,7,1,0,0,0,0,0,0,0
2013,3,79,Markus Wheaton,0,110,1559,8,59,0,0,0,0,1,0,0,0,1.8,189,4.45,120,37,20,32.75,9.125,227,2994,16,1,0,0,0,1,0,0,1
2013,3,92,Stedman Bailey,0,59,843,2,38,0,0,0,1,0,0,0,0,1.78,193,4.52,117,34.5,11,32.75,9.875,210,3218,41,0,0,0,0,0,0,1,0
2013,4,101,Ace Sanders,0,57,539,1,27,0,0,0,0,0,0,0,1,1.7,173,4.58,117,32,7,29.5,8.875,99,1230,13,0,0,0,0,0,0,0,0
2013,4,102,Josh Boyce,0,9,121,0,10,0,0,0,0,0,0,1,0,1.8,198,4.45,129,36,15,32.625,10.5,161,2535,22,0,0,0,0,0,0,0,1
2013,4,123,Chris Harper,0,0,0,0,4,0,0,0,0,0,0,1,0,1.8,229,4.55,116,35.5,20,32.75,9.75,123,1734,12,0,0,0,0,0,0,0,0
2013,4,128,Quinton Patton,0,73,880,1,40,0,0,0,1,0,0,0,0,1.83,204,4.53,118,33,8,32.875,9.375,183,2594,24,0,0,0,0,0,0,0,0
2013,5,144,Kenny Stills,0,299,4699,36,107,0,0,0,0,0,1,0,0,1.83,194,4.38,124,33.5,16,30.5,9,204,2594,24,0,1,0,0,1,0,1,0
2013,5,161,Tavarres King,0,22,303,3,17,0,0,0,0,0,0,1,0,1.83,189,4.47,123,36.5,11,33,9.5,136,2602,21,1,1,0,1,0,0,1,0
2013,6,171,Corey Fuller,0,18,288,1,28,0,0,0,0,0,0,0,1,1.88,204,4.43,120,31.5,12,33.25,9.5,45,834,6,0,0,0,0,0,0,1,0
2013,6,174,Ryan Swope,0,0,0,0,0,0,0,0,0,1,0,0,0,1.83,205,4.34,125,37,16,31.375,8.5,252,3117,24,1,0,0,0,0,0,1,0
2013,6,186,Justin Brown,0,12,94,0,8,0,0,0,0,0,0,0,0,1.91,207,4.6,117,30.5,,32,9.625,146,1926,8,1,1,0,0,0,0,0,0
2013,6,195,Alan Bonner,0,0,0,0,0,0,0,0,0,0,0,0,0,1.78,193,4.59,117,33,14,30.25,9.375,114,1986,20,1,0,0,0,0,0,0,0
2013,6,197,Cobi Hamilton,0,18,242,2,14,0,0,0,0,0,1,0,0,1.88,212,4.56,107,29.5,11,32.5,8.75,175,2854,18,1,0,0,0,0,0,0,0
2013,7,209,Brice Butler,0,79,1237,9,69,0,0,0,0,0,0,0,0,1.91,214,4.37,129,39,,34.5,9.375,65,901,7,1,0,0,0,0,0,1,0
2013,7,216,Charles Johnson,0,60,834,2,39,0,0,0,0,0,0,0,0,1.88,215,4.39,133,39.5,14,30.5,9.25,56,1030,15,0,0,0,1,0,0,0,0
2013,7,224,Kevin Dorsey,0,0,0,0,3,0,0,0,0,0,0,0,0,1.85,207,4.47,130,38,,33.75,9.625,81,1088,9,1,0,0,1,0,0,0,0
2013,7,236,Marques Wilson,0,56,777,3,31,0,0,0,0,0,0,1,0,1.91,194,4.51,122,34.5,7,31.125,9.25,189,3207,23,0,0,0,0,1,0,0,0
2013,7,238,Aaron Mellette,0,0,0,0,0,0,0,0,0,0,0,0,1,1.88,217,4.54,123,33.5,9,33.125,9.625,304,4254,44,1,0,1,1,0,0,0,0
2012,1,5,Justin Blackmon,0,93,1280,6,20,1,0,0,0,0,0,0,0,1.85,198,4.45,129,36,15,32.625,10.5,253,3564,40,0,0,0,0,1,0,1,0
2012,1,13,Micahel Floyd,0,266,3959,25,102,0,1,0,0,0,0,0,0,1.91,220,4.47,122,36,16,32.875,9.375,271,3686,37,1,1,0,1,1,0,0,0
2012,1,20,Kendall Wright,0,339,3835,19,82,0,0,1,0,0,0,0,0,1.78,196,4.61,121,38.5,4,30.375,8.625,302,4004,30,1,0,0,0,0,0,1,0
2012,1,30,A.J. Jenkins,0,17,223,0,28,0,0,1,0,0,0,0,0,1.85,190,4.39,124,38,12,32.75,9.5,167,2432,19,1,0,0,0,1,0,0,0
2012,2,33,Brian Quick,0,114,1593,10,84,0,0,0,1,0,0,0,0,1.91,220,4.55,119,34,15,34.25,9.75,179,2922,20,0,0,1,1,0,0,0,0
2012,2,43,Stephen Hill,0,45,594,4,23,0,0,1,0,0,0,0,0,1.96,215,4.34,133,39.5,14,33.375,9.375,49,1248,9,0,0,0,0,0,0,0,0
2012,2,45,Alshon Jeffery,1,469,6671,45,102,0,0,0,1,0,0,0,0,1.91,216,4.48,122,36.5,23,33,10.25,183,3042,23,0,0,0,0,0,0,0,0
2012,2,54,Ryan Broyles,0,32,420,2,21,0,0,0,1,0,0,0,0,1.78,198,4.45,129,36,15,32.625,10.5,349,4586,45,1,1,0,1,0,0,1,0
2012,2,63,Rueben Randle,0,188,2644,20,64,0,0,0,1,0,0,0,0,1.88,210,4.55,121,31,15,33,9.5,97,1634,13,0,1,0,0,0,0,0,0
2012,3,68,Devier Posey,0,22,272,0,26,0,0,0,0,0,1,0,0,1.88,211,4.5,123,36,14,31.625,9.625,136,1955,18,1,1,0,0,1,0,0,0
2012,3,69,T.J. Graham,0,61,794,4,47,0,0,0,0,0,1,0,0,1.8,188,4.41,120,33,8,32.75,9,137,3153,2,1,0,0,0,0,0,1,1
2012,3,83,Mohamed Sanu,0,403,4507,26,118,0,0,0,0,1,0,0,0,1.88,211,4.67,126,36,19,33.5,10.125,210,2263,12,0,0,0,0,0,0,0,0
2012,3,92,T.Y. Hilton,1,552,8595,45,118,0,0,0,0,1,0,0,0,1.78,183,4.34,119,35.5,7,32,8.5,229,3531,24,1,0,1,0,0,0,0,0
2012,4,96,Chris Givens,0,107,1779,5,60,0,0,0,0,1,0,0,0,1.8,198,4.41,118,33,19,31.25,8.25,163,2473,21,0,0,0,0,0,0,0,0
2012,4,100,Travis Benjamin,0,208,3143,19,101,0,0,0,0,0,0,1,0,1.78,172,4.36,123,38,14,31.75,8.75,131,2146,13,1,0,0,0,0,0,0,0
2012,4,104,Joe Adams,0,0,0,0,9,0,0,0,0,1,0,0,0,1.8,179,4.51,,36,,31.875,9.375,164,2410,17,1,0,0,0,0,0,0,0
2012,4,107,Devon Wylie,0,6,53,0,8,0,0,0,0,0,1,0,0,1.75,187,4.39,123,39,17,30.25,9.5,98,1327,8,1,0,0,1,0,0,0,0
2012,4,118,Jarius Wright,0,224,2782,11,111,0,0,0,0,0,0,1,0,1.78,182,4.42,120,38,11,31.5,8.5,168,2934,24,1,0,0,0,0,0,0,0
2012,4,121,Keshawn Martin,0,62,685,5,58,0,0,0,0,0,0,1,0,1.8,188,4.45,122,39,13,31.375,9.25,127,1714,10,1,0,0,0,0,0,1,0
2012,4,122,Nick Toon,0,21,283,1,17,0,0,0,0,0,1,0,0,1.93,215,4.54,132,37,18,32.5,9,171,2447,18,1,0,0,0,0,0,1,1
2012,4,134,Greg Childs,0,0,0,0,0,0,0,0,0,0,0,1,0,1.91,219,4.55,125,36,19,34.125,10.125,133,2066,15,1,0,0,1,0,0,0,0
2012,5,152,Danny Coale,0,0,0,0,0,0,0,0,0,0,0,1,0,1.83,201,4.5,115,35,12,30.625,9.125,165,2658,8,1,0,0,0,0,0,1,0
2012,5,166,Marvin Jones,0,347,5047,42,96,0,0,0,0,1,0,0,0,1.88,199,4.46,112,33,22,33.125,10.25,156,2270,13,1,0,0,0,0,0,0,0
2012,5,168,Juron Criner,0,19,183,1,13,0,0,0,0,0,1,0,0,1.91,224,4.68,117,38,17,32,10.5,209,2859,32,1,0,0,0,0,0,1,0
2012,6,183,B.J. Cunningham,0,0,0,0,2,0,0,0,0,0,0,1,0,1.88,211,4.59,116,31,12,33,8.125,218,3086,25,1,0,0,0,0,0,1,0
2012,6,194,Marivin McNutt,0,0,0,0,5,0,0,0,0,0,0,1,0,1.91,216,4.48,122,37,,32,10,170,2861,28,1,0,0,0,0,0,1,0
2012,6,198,Tommy Streeter,0,0,0,0,2,0,0,0,0,0,0,0,1,1.96,219,4.4,125,33,17,34.75,9.5,52,967,9,0,0,0,1,0,0,0,0
2012,6,206,LaVon Brazill,0,23,347,3,25,0,0,0,0,0,0,0,1,1.8,192,4.48,123,32,11,32,9.75,187,2515,18,1,0,0,0,0,0,0,0
2012,7,227,Rishad Matthews,0,230,3160,21,87,0,0,0,0,0,0,0,0,1.83,217,4.62,123,36,20,32.5,9.125,147,2243,13,0,0,0,0,0,0,0,0
2012,7,231,Toney Clemons,0,3,41,0,4,0,0,0,0,0,0,0,0,1.88,210,4.4,128,36,,,,98,1268,11,1,1,0,0,0,0,0,0
2012,7,235,Jeremy Ebert,0,3,18,0,5,0,0,0,0,0,0,0,0,1.8,200,4.38,112,33,,,,173,2400,21,1,0,0,0,0,0,0,0
2012,7,238,Junior Hemingway,0,25,233,2,31,0,0,0,0,0,0,0,0,1.85,225,4.53,124,35,21,32.5,9.625,88,1638,11,1,1,0,0,1,0,0,0
2012,7,244,Jordan White,0,0,0,0,3,0,0,0,0,0,0,0,0,1.83,208,4.69,119,35,14,31.5,9.25,306,4187,32,1,0,0,0,0,0,0,0
2011,1,4,A.J. Green,1,602,8907,63,111,1,0,0,0,0,0,0,0,1.93,211,4.48,126,34.5,18,34.375,9.25,166,2619,23,0,1,0,0,0,0,0,0
2011,1,6,Julio Jones,1,797,12125,57,126,1,0,0,0,0,0,0,0,1.91,220,4.34,135,38.5,17,33.75,9.75,179,2653,15,0,1,0,0,0,1,1,0
2011,1,26,Jonathan Baldwin,0,44,607,2,33,0,0,1,0,0,0,0,0,1.93,228,4.49,129,42,20,33.625,10.125,128,2337,16,0,0,0,0,0,0,0,0
2011,2,44,Titus Young,0,81,990,10,26,0,0,0,1,0,0,0,0,1.8,174,4.43,123,35,,30.875,9,204,3063,25,1,0,0,0,1,0,0,0
2011,2,58,Torrey Smith,0,319,5141,41,119,0,0,0,1,0,0,0,0,1.83,204,4.41,125,41,19,32.5,8.5,152,2215,19,0,0,0,0,0,0,0,0
2011,2,59,Greg Little,0,161,1890,8,54,0,0,0,1,0,0,0,0,1.96,231,4.51,129,40.5,27,33.25,9.125,86,969,6,0,0,0,0,0,0,1,1
2011,2,64,Randall Cobb,1,525,6352,44,120,0,0,0,1,0,0,0,0,1.78,191,4.46,115,33.5,16,31,9.375,228,1313,22,0,0,0,0,0,0,0,0
2011,3,78,Austin Pettis,0,107,1034,9,51,0,0,0,0,1,0,0,0,1.91,209,4.56,120,33.5,14,31.75,9.75,229,2838,39,1,0,0,0,0,0,0,0
2011,3,79,Leonard Hankerson,0,107,1408,9,41,0,0,0,1,0,0,0,0,1.88,209,4.4,117,36,14,32.25,10.625,134,2160,22,1,0,0,0,0,0,0,1
2011,3,82,Vincent Brown,0,73,941,3,38,0,0,0,0,0,1,0,0,1.8,187,4.68,121,33.5,12,33,10.25,209,3110,23,1,0,0,1,0,0,1,0
2011,3,83,Jerrel Jernigan,0,38,391,2,34,0,0,0,0,1,0,0,0,1.73,185,4.46,117,37.5,11,32,9.25,262,3128,18,1,0,0,0,1,0,1,1
2011,4,107,Kris Durham,0,55,699,3,27,0,0,0,0,0,0,1,0,1.98,216,4.46,121,36,,,,64,1109,4,1,1,0,0,0,0,0,0
2011,4,111,Edmond Gates,0,30,365,0,32,0,0,0,0,0,1,0,0,1.8,192,4.31,131,40,16,30.75,9.375,92,1703,14,0,0,0,0,0,0,0,0
2011,4,112,Greg Salas,0,50,704,1,29,0,0,0,0,0,0,1,0,1.85,210,4.53,121,37,15,32,9.25,285,4345,26,1,0,0,1,0,0,0,1
2011,4,114,Cecil Short,0,229,2979,14,70,0,0,0,0,0,0,1,0,1.83,205,4.5,126,34.5,21,31.625,9.25,259,4705,63,0,0,0,1,0,0,0,0
2011,4,123,Tandon Doss,0,26,428,1,35,0,0,0,0,0,0,0,0,1.87,201,4.56,116,33.5,14,31.25,10.125,154,1854,13,0,0,0,0,0,0,0,0
2011,5,132,Kealoha Pilares,0,0,0,0,20,0,0,0,0,0,0,0,1,1.8,199,4.56,126,40.5,19,30.5,8.75,209,2491,22,1,0,0,0,0,0,0,0
2011,5,148,Denarius Moore,0,142,2169,17,56,0,0,0,0,0,0,0,1,1.83,194,4.43,118,36,13,33,9.5,112,2004,18,1,0,0,0,0,0,1,0
2011,5,153,Jeremy Kerley,0,270,3116,13,99,0,0,0,0,0,0,1,0,1.75,189,4.56,120,34.5,16,30,9,120,1299,12,1,0,0,0,0,0,1,0
2011,5,155,Niles Paul,0,78,954,2,88,0,0,0,0,0,0,0,1,1.85,224,4.45,117,34.5,24,31,8.875,103,1532,5,1,0,0,0,0,0,0,0
2011,6,167,Ryan Whalen,0,11,80,0,17,0,0,0,0,0,0,0,1,1.85,202,4.53,123,38.5,18,30,9,140,1884,7,1,0,0,0,0,0,1,0
2011,6,176,Dwayne Harris,0,77,874,8,106,0,0,0,0,0,0,1,0,1.78,203,4.53,111,34,10,31.125,10.125,286,301,20,1,0,0,0,0,0,0,0
2011,6,178,Aldrick Robinson,0,86,1422,14,84,0,0,0,0,0,0,0,0,1.78,184,4.35,120,40,17,29.5,8.75,181,3314,30,1,0,0,0,0,0,0,0
2011,6,182,Ronald Johnson,0,0,0,0,0,0,0,0,0,0,0,0,1,1.78,199,4.46,124,37.5,16,30.75,9,138,1750,20,1,0,0,1,0,0,0,0
2011,7,227,Scotty McKnight,0,0,0,0,0,0,0,0,0,0,0,0,0,1.8,182,4.5,128,34,,,,219,2588,22,1,0,0,0,0,0,0,0
2011,7,236,Stephen Burton,0,15,149,1,19,0,0,0,0,0,0,0,0,1.85,221,4.5,117,34.5,19,32,9.125,70,1021,11,0,0,1,0,0,0,0,0
2011,7,241,David Ausberry,0,11,120,0,34,0,0,0,0,0,0,0,0,1.93,243,4.48,121,36,,,,64,700,7,1,0,0,0,0,0,0,0
2011,7,249,Demarco Sampson,0,3,36,0,12,0,0,0,0,0,0,0,0,1.88,204,4.69,118,35.5,14,33,9.625,146,2242,18,1,0,0,0,0,0,1,0
2010,1,22,Demariyus Thomas,1,724,9763,63,143,0,0,1,0,0,0,0,0,1.91,224,4.38,113,35,17,33,10.5,120,2339,15,0,0,0,0,0,0,0,0
2010,1,24,Dez Bryant,1,531,7459,73,113,0,1,0,0,0,0,0,0,1.88,225,4.52,133,38,18,34,9.75,147,2425,29,0,0,0,0,0,0,1,0
2010,2,39,Arrelious Benn,0,65,990,6,61,0,0,0,1,0,0,0,0,1.88,219,4.57,118,37,20,32.25,9.375,159,2221,7,0,0,0,0,0,0,0,0
2010,2,60,Golden Tate,1,660,7890,44,148,0,0,1,0,0,0,0,0,1.78,199,4.42,120,35,17,30.5,9.25,157,2707,26,0,1,0,0,0,0,0,0
2010,3,77,Damian Williams,0,107,1327,5,57,0,0,0,0,1,0,0,0,1.85,197,4.52,118,38,19,31.75,9.25,147,2114,17,0,0,0,0,0,0,1,0
2010,3,78,Brandon Lafell,0,406,5398,31,125,0,0,0,1,0,0,0,0,1.91,211,4.58,115,36,11,32.75,8.75,175,2517,25,1,1,0,0,0,0,0,1
2010,3,82,Emmanual Sanders,1,601,7893,42,144,0,0,0,0,0,0,1,0,1.8,186,4.4,126,39.5,12,32,9.25,285,3791,34,1,0,0,0,0,0,0,0
2010,3,84,Jordan Shipley,0,79,858,4,24,0,0,0,0,0,1,0,0,1.83,193,4.6,116,36.5,16,30.5,9.625,248,3191,33,1,0,0,0,0,0,1,0
2010,3,87,Eric Decker,0,439,5816,53,111,0,0,0,0,1,0,0,0,1.91,217,4.54,,,15,31,9.125,227,3119,24,1,0,0,1,0,0,0,0
2010,3,88,Andre Roberts,0,257,3010,15,148,0,0,0,0,0,1,0,0,1.8,195,4.4,120,36,15,31.5,9.5,286,3743,37,1,0,0,0,0,0,0,1
2010,3,89,Armanti Edwards,0,0,0,0,41,0,0,0,0,0,0,0,1,1.8,187,4.41,123,34.5,,32.25,9.5,0,0,0,1,0,0,0,0,0,0,1
2010,3,90,Taylor Price,0,5,80,0,6,0,0,0,0,0,1,0,0,1.85,204,4.4,114,37,16,31.25,9.5,147,2019,14,1,0,0,0,0,0,0,1
2010,4,99,Mardy Gilyard,0,8,78,0,19,0,0,0,0,1,0,0,0,1.8,187,4.61,116,39,,32.25,9.125,204,3003,25,1,0,0,0,1,0,1,0
2010,4,101,Mike Williams,0,223,3089,26,63,0,0,0,0,0,0,1,0,1.85,221,4.53,116,33.5,8,32.5,9.25,133,2044,20,0,0,0,0,1,0,0,0
2010,4,107,Marcus Easley,0,3,71,1,42,0,0,0,0,0,0,1,0,1.88,210,4.39,123,34,16,32.75,8.5,53,997,8,0,0,0,0,0,0,0,0
2010,4,108,Jacoby Ford,0,57,848,3,38,0,0,0,0,0,1,0,0,1.75,186,4.28,115,33.5,15,30.5,9.25,143,1986,16,1,1,0,0,0,0,0,1
2010,5,156,David Reed ,0,0,0,0,36,0,0,0,0,0,0,0,1,1.83,191,4.56,114,37,15,31.75,9.375,106,1615,11,0,0,0,0,0,0,0,0
2010,5,159,Riley Cooper,0,169,2418,18,88,0,0,0,0,0,1,0,0,1.91,222,4.53,114,33,,32.625,10.375,81,1496,18,1,1,0,0,0,1,1,0
2010,5,165,Kerry Meier,0,0,0,0,12,0,0,0,0,0,0,0,0,1.88,224,4.62,115,35,13,32,9.325,226,2309,18,1,0,0,0,0,0,0,0
2010,6,177,Carlton Mitchell,0,3,31,0,16,0,0,0,0,1,0,0,0,1.91,215,4.46,122,36,16,33.5,10.625,105,1648,9,0,0,0,0,1,0,0,0
2010,6,191,Dezmon Briscoe,0,43,502,7,25,0,0,0,0,0,0,1,0,1.88,207,4.66,115,33,9,33.5,9.5,219,3240,31,0,0,0,0,1,0,0,0
2010,6,195,Antonio Brown,1,841,11263,75,131,0,0,0,0,0,0,0,0,1.78,186,4.56,105,33.5,13,31,9,305,3199,22,0,0,0,0,0,0,1,0
2010,6,198,David Gettis,0,37,508,3,17,0,0,0,0,0,0,0,0,1.91,217,4.43,124,34.5,15,34,10,116,1555,4,1,0,0,0,0,0,0,0
2010,6,206,Kyle Williams,0,47,574,4,39,0,0,0,0,0,0,0,0,1.78,188,4.4,118,33,11,30,9.125,109,1626,18,1,0,0,0,0,0,0,0
2010,7,219,Terrence Austin,0,15,184,0,18,0,0,0,0,0,0,0,0,1.8,165,4.52,123,35.5,,,,109,1192,5,1,0,0,0,0,0,0,0
2010,7,222,Marc Mariani,0,0,0,0,70,0,0,0,0,0,0,0,0,1.85,190,4.48,123,36.5,,,,186,3018,29,1,0,0,0,0,0,0,0
2010,7,259,Tim Toone,0,0,0,0,0,0,0,0,0,0,0,0,0,1.78,185,4.42,120,36,,,,39,973,12,0,0,1,0,0,0,0,0